Date,Close Price (USD),Volume To (USD)
2021-04-15,63233.03,2146219571.03
2021-04-16,61416.41,3544777400.64
2021-04-17,60056.07,2093039585.66
2021-04-18,56246.82,6264051811.58
2021-04-19,55680.11,2732647682.18
2021-04-20,56496.06,3091319805.6
2021-04-21,53803.25,2312255459.33
2021-04-22,51717.61,4488994737.96
2021-04-23,51178.03,5241192198.03
2021-04-24,50115.99,1695108976.06
2021-04-25,49120.97,2176241676.28
2021-04-26,54062.29,3254396664.97
2021-04-27,55073.48,2220077233.11
2021-04-28,54877.94,2339383717.48
2021-04-29,53581.58,2359198137.55
2021-04-30,57757.97,2719315702.2
2021-05-01,57843.16,1511783659.93
2021-05-02,56623.51,1230710822.31
2021-05-03,57195.07,2371465902.34
2021-05-04,53244.07,3556756117.3
2021-05-05,57506.88,3200062630.96
2021-05-06,56441.94,2878647496.02
2021-05-07,57374.33,2439662460.45
2021-05-08,58943.13,2211507566.18
2021-05-09,58294.18,2645394205.33
2021-05-10,55870.01,4067497161.41
2021-05-11,56747.52,2395231325.24
2021-05-12,49504.08,4035173480.67
2021-05-13,49700.6,5919941739.84
2021-05-14,49887.96,2156016499.66
2021-05-15,46775.29,2591003797.63
2021-05-16,46490.71,3693969204.75
2021-05-17,43552.14,5896147491.21
2021-05-18,42886.02,3159184422.64
2021-05-19,36771.87,11120220854.77
2021-05-20,40597.4,5531454912.79
2021-05-21,37350.39,4573692788.95
2021-05-22,37491.5,2808008188.27
2021-05-23,34716.84,4494413873.1
2021-05-24,38837.76,3981461441.04
2021-05-25,38387.36,2529569055.97
2021-05-26,39295.08,2607759779.42
2021-05-27,38538.84,1804036815.09
2021-05-28,35680.92,3104364367.82
2021-05-29,34611.58,2127790128.94
2021-05-30,35662.59,1325408340.1
2021-05-31,37290.83,1821662523.97
2021-06-01,36683.51,1626268789.21
2021-06-02,37576.98,1494571249.19
2021-06-03,39229.66,1586641442.02
2021-06-04,36861.5,1837944242.33
2021-06-05,35538.4,1444088532.56
2021-06-06,35798.57,986275148.28
2021-06-07,33582.86,1850311020.63
2021-06-08,33409.38,2890313261.68
2021-06-09,37391.58,3249553573.38
2021-06-10,36680.78,2338112083.52
2021-06-11,37339.98,1596038876.7
2021-06-12,35541.78,1450138289.51
2021-06-13,39017.37,1727291768.5
2021-06-14,40526.63,2740589573.6
2021-06-15,40161.86,1943860792.12
2021-06-16,38345.41,1883613058.48
2021-06-17,38082.3,1599770630.8
2021-06-18,35830.29,2207651943.63
2021-06-19,35515.38,1601193146.33
2021-06-20,35602.26,1964614466.35
2021-06-21,31652.62,3650731161.39
2021-06-22,32537.58,4060734244.07
2021-06-23,33678.64,2037061709.14
2021-06-24,34649.84,1311147481.02
2021-06-25,31593.86,3027434524.39
2021-06-26,32307.35,1826363014.48
2021-06-27,34713.81,2002954688.79
2021-06-28,34487.11,1424168416.33
2021-06-29,35901.41,1578253520.29
2021-06-30,35056.39,1388243727.19
2021-07-01,33543.11,1238732543.23
2021-07-02,33804.54,1102040372.36
2021-07-03,34682.84,595117204.83
2021-07-04,35287.97,563891553.21
2021-07-05,33702.79,1072690410.4
2021-07-06,34237.66,1123145329.6
2021-07-07,33880.79,752074468.65
2021-07-08,32874.01,1573967671.27
2021-07-09,33804.2,853165387.13
2021-07-10,33515.13,651899496.99
2021-07-11,34249.3,533337900.01
2021-07-12,33088.51,1039311244.06
2021-07-13,32737.47,837278173.94
2021-07-14,32820.5,883070516.73
2021-07-15,31867.46,1073939852.55
2021-07-16,31401.76,812765644.4
2021-07-17,31546.64,881285396.92
2021-07-18,31806.3,796652696.45
2021-07-19,30847.55,1179342118.61
2021-07-20,29795.55,1291958152.32
2021-07-21,32139.48,1538668590.41
2021-07-22,32299.47,785311959.3
2021-07-23,33637.92,765209760.41
2021-07-24,34282.56,686017155.75
2021-07-25,35369.93,781929775.48
2021-07-26,37269.52,3840983132.28
2021-07-27,39496.69,2197490232.78
2021-07-28,40030.01,2662886395.8
2021-07-29,40030.52,1257968294.92
2021-07-30,42231.83,1698014609.78
2021-07-31,41474.72,1056705603.97
2021-08-01,39870.76,1385907257.88
2021-08-02,39158.53,1308894644.03
2021-08-03,38189.3,1466921591.54
2021-08-04,39738.56,1318983897.48
2021-08-05,40888.18,2357831521.97
2021-08-06,42852.18,2009167763.65
2021-08-07,44617.96,2199730007.61
2021-08-08,43827.75,1745878741.47
2021-08-09,46292.61,2219734084.88
2021-08-10,45601.03,1609844198.85
2021-08-11,45556.69,1421598811.69
2021-08-12,44425.52,1588850342.27
2021-08-13,47832.93,1595718853.28
2021-08-14,47102.03,1120499538.82
2021-08-15,47015.94,836663894.85
2021-08-16,45927.4,1332377363.69
2021-08-17,44684.43,1700658063.3
2021-08-18,44714.54,1377529230.43
2021-08-19,46761.49,1511027965.43
2021-08-20,49336.45,1742574002.38
2021-08-21,48867.87,1125508731.91
2021-08-22,49289.71,822323898.98
2021-08-23,49521.06,1515250474.77
2021-08-24,47690.54,1399185980.56
2021-08-25,48996.44,1208134772.96
2021-08-26,46852.22,1618461768.41
2021-08-27,49088.1,1331637984.84
2021-08-28,48918.9,626553869.3
2021-08-29,48794.26,924625515.76
2021-08-30,46993.31,1392617744.31
2021-08-31,47159.26,1418199668.83
2021-09-01,48840.01,1520961266.36
2021-09-02,49280.77,1615790894.94
2021-09-03,50019.51,1926045807.12
2021-09-04,49935.29,839888927.54
2021-09-05,51784.16,1084416553.08
2021-09-06,52693.32,1328373298
2021-09-07,46856.31,4055873734.71
2021-09-08,46073.45,2105187289.07
2021-09-09,46392.85,1499767099.51
2021-09-10,44853.1,1631276774.64
2021-09-11,45166.12,662298068.85
2021-09-12,46049.72,747181260.09
2021-09-13,44958.56,1909473369.72
2021-09-14,47129.01,1237183544.6
2021-09-15,48148.45,1282942628.56
2021-09-16,47764.47,1229076140.65
2021-09-17,47297.98,899242093.44
2021-09-18,48312.46,761079785.11
2021-09-19,47251.76,668723282.36
2021-09-20,42925.46,2849781014.82
2021-09-21,40709.59,2972565920.07
2021-09-22,43576.15,1807576533.35
2021-09-23,44893.87,1522818255.74
2021-09-24,42848.41,2565373998.35
2021-09-25,42721.91,767641976.96
2021-09-26,43201.79,1187820024.18
2021-09-27,42187.51,1140232492.25
2021-09-28,41056.79,1335757058.57
2021-09-29,41539.43,1100252801.68
2021-09-30,43829.34,1469981944.79
2021-10-01,48164.35,2498575570.28
2021-10-02,47669.02,769022184.37
2021-10-03,48234.05,895606844.23
2021-10-04,49276.91,1664027525.19
2021-10-05,51504.27,2049372160.16
2021-10-06,55345.85,3444996109.53
2021-10-07,53797.21,1836529821.85
2021-10-08,53949.29,1592265868.06
2021-10-09,54968.04,799607238.61
2021-10-10,54700.24,1276001425.96
2021-10-11,57498.8,1805863526.52
2021-10-12,56010.9,1913353762.18
2021-10-13,57369,1906230334
2021-10-14,57359.21,1617497364.76
2021-10-15,61684.96,3737889743.83
2021-10-16,60877.77,1404879137.37
2021-10-17,61520.54,1414498881.98
2021-10-18,62038.16,3113486441.7
2021-10-19,64283.97,2706420467.09
2021-10-20,66021.02,2978059285.56
2021-10-21,62283.96,3962470063.85
2021-10-22,60693.59,2504718475.2
2021-10-23,61313.09,990360071.85
2021-10-24,60863.56,1158838824.68
2021-10-25,63089.04,1549308691.98
2021-10-26,60315.68,1738003094.57
2021-10-27,58464.42,2719093218.08
2021-10-28,60610.11,3090102767.38
2021-10-29,62282.5,2168021242.77
2021-10-30,61891.91,979987095.61
2021-10-31,61349.75,1181933822.61
2021-11-01,60960.98,1955088666.05
2021-11-02,63260.05,2260756044.28
2021-11-03,62929.93,1852233940.61
2021-11-04,61448.47,1420765190.91
2021-11-05,61019.66,1262030165.48
2021-11-06,61529.76,939530051.87
2021-11-07,63302.78,929571983.79
2021-11-08,67549.14,2614939972.01
2021-11-09,66939.24,2209551778.82
2021-11-10,64926.06,3365466815.36
2021-11-11,64820.8,1393819061.45
2021-11-12,64156.3,2090846686
2021-11-13,64409.56,815997863.99
2021-11-14,65509.06,947303706.23
2021-11-15,63614.06,1639253320.63
2021-11-16,60108.9,3740808475.72
2021-11-17,60365.6,2582737930.61
2021-11-18,56930.68,3718546724.95
2021-11-19,58136.22,2107344590.7
2021-11-20,59769.66,985075173.7
2021-11-21,58700.83,888045056.17
2021-11-22,56303.06,2371226089.18
2021-11-23,57566.6,2153848949.04
2021-11-24,57175.09,1630017073.7
2021-11-25,58966.99,1412787308.46
2021-11-26,53788.22,3312563227.95
2021-11-27,54805.03,1010585542.47
2021-11-28,57331.41,1186994646.57
2021-11-29,57839.55,1690005715.85
2021-11-30,56975.35,2383744473.31
2021-12-01,57227.97,2072824070.98
2021-12-02,56522.76,1712170975.38
2021-12-03,53663.25,2461497753.56
2021-12-04,49243.39,4315348557.56
2021-12-05,49465.5,2074283149.33
2021-12-06,50552.83,2437856119.9
2021-12-07,50633.01,1496164576.66
2021-12-08,50513.04,1290175070.3
2021-12-09,47593.85,1681556175.72
2021-12-10,47191.14,1905617871.17
2021-12-11,49398.4,1181186604.23
2021-12-12,50109.99,1072562349.4
2021-12-13,46731.03,2353893179.4
2021-12-14,48387.69,1646492085.28
2021-12-15,48885.05,2132679583.02
2021-12-16,47635.92,1271265804.99
2021-12-17,46164.14,1756062773.63
2021-12-18,46861.62,874187163.05
2021-12-19,46697.13,1035963939.83
2021-12-20,46913.54,1517599333.73
2021-12-21,48917.48,1546447524.57
2021-12-22,48614.97,1028434929.44
2021-12-23,50830.2,1525047125.27
2021-12-24,50840.36,1107244995.18
2021-12-25,50431.63,585818997.15
2021-12-26,50790.88,736617761.86
2021-12-27,50714.73,1120188136.96
2021-12-28,47536.39,1985905082.17
2021-12-29,46471.7,1599557104.64
2021-12-30,47129.66,1852206857.29
2021-12-31,46197.31,1636014399.31
2022-01-01,47737.35,786729972.03
2022-01-02,47306.41,615453426.93
2022-01-03,46450.79,1011309525.84
2022-01-04,45824.54,1349229422.84
2022-01-05,43432.51,2152187256.39
2022-01-06,43094.54,1585314774.47
2022-01-07,41543.79,2146452950.19
2022-01-08,41686.67,1143171232.86
2022-01-09,41869.6,901652458.82
2022-01-10,41832.59,2140270933.32
2022-01-11,42743.03,1545270650.68
2022-01-12,43919.67,1384575768.8
2022-01-13,42575.61,1263083590.1
2022-01-14,43089.83,1165100829.55
2022-01-15,43088.74,607715303.39
2022-01-16,43100.36,543620929.25
2022-01-17,42224.38,861459661.83
2022-01-18,42372.75,1099916846.37
2022-01-19,41674.8,1359832054.32
2022-01-20,40697.03,1482814889.83
2022-01-21,36469.3,3610621840.61
2022-01-22,35075.92,2419705021.17
2022-01-23,36288.15,1405386710.59
2022-01-24,36702.79,3289034581.3
2022-01-25,36975.99,1632275610.85
2022-01-26,36829.37,2163384356.61
2022-01-27,37189.85,1671118834.49
2022-01-28,37744.7,1439590445.61
2022-01-29,38184.86,913551592.58
2022-01-30,37908.44,658154943.17
2022-01-31,38494.66,1310842543.43
2022-02-01,38721.49,1255765239.87
2022-02-02,36918.19,1099971099.08
2022-02-03,37328.64,1012101574.73
2022-02-04,41590.34,1978064223.39
2022-02-05,41418.21,923755180.09
2022-02-06,42412.41,600848486.11
2022-02-07,43861.07,1836978530.57
2022-02-08,44080.12,1972336800.82
2022-02-09,44422.91,1207982275.77
2022-02-10,43531.67,2027452816.67
2022-02-11,42398.98,1694547021.08
2022-02-12,42239.01,747480841.84
2022-02-13,42069.84,525779246
2022-02-14,42552.28,1183004344.86
2022-02-15,44576.33,1210638166.2
2022-02-16,43896.34,905511530.54
2022-02-17,40545.09,1669164372.28
2022-02-18,39994.66,1308787736.51
2022-02-19,40107.12,467744109.72
2022-02-20,38397.25,890707081.68
2022-02-21,37037.39,1819938918.66
2022-02-22,38267.75,1605539398.15
2022-02-23,37270.85,1218156854.61
2022-02-24,38353.62,3367553842.97
2022-02-25,39239.77,1536575836.24
2022-02-26,39134.83,732995982.54
2022-02-27,37714.96,1184510440.64
2022-02-28,43189.46,2231772118.95
2022-03-01,44428.47,2121207162.06
2022-03-02,43935.37,1652867992.22
2022-03-03,42474.37,1565020513.9
2022-03-04,39154.4,2043287977.87
2022-03-05,39407.02,624289503.91
2022-03-06,38428.92,818379145.11
2022-03-07,38030.63,1547870219.6
2022-03-08,38748.52,1373819361.89
2022-03-09,41962.85,1960521974.24
2022-03-10,39443.42,1683595949.7
2022-03-11,38741.03,1527385235.35
2022-03-12,38805.53,464694957.41
2022-03-13,37796.31,687723583.56
2022-03-14,39696.28,1245884221.15
2022-03-15,39314.86,1196862773.71
2022-03-16,41133.64,2217384588.25
2022-03-17,40956.79,736387236.02
2022-03-18,41790.97,1310605069.99
2022-03-19,42235.02,638860853.99
2022-03-20,41243.16,647551620.15
2022-03-21,41043.9,897693606.33
2022-03-22,42380.11,1597913842.6
2022-03-23,42904.1,1116852856.74
2022-03-24,44006.77,1514036890.73
2022-03-25,44331.36,1529847572.88
2022-03-26,44542.31,513402297.27
2022-03-27,46842.14,1035071605.98
2022-03-28,47128.71,1697234773.76
2022-03-29,47445.3,1324122253.95
2022-03-30,47056.41,1158606188.62
2022-03-31,45522.65,1350600519.47
2022-04-01,46299.75,1558891962.07
2022-04-02,45822.28,765849775.02
2022-04-03,46414.26,809819360.86
2022-04-04,46609.36,1145480471.77
2022-04-05,45501.58,1118296319.71
2022-04-06,43177.78,1918395755.34
2022-04-07,43466.21,989892880.8
2022-04-08,42273.38,1098738940.21
2022-04-09,42768.61,384171498.87
2022-04-10,42153.77,549311405.43
2022-04-11,39536.71,1423397890.93
2022-04-12,40086.66,1087667635.69
2022-04-13,41150.33,990022174.31
2022-04-14,39951.63,870654332.34
2022-04-15,40563.69,561514975.78
2022-04-16,40392.55,313875941.14
2022-04-17,39688.16,389893199.53
2022-04-18,40811.03,1101204133.54
2022-04-19,41504.44,768239204.72
2022-04-20,41375.35,1072814871.19
2022-04-21,40490.97,1324052657.83
2022-04-22,39716.04,1154693915.31
2022-04-23,39445.97,455659637.8
2022-04-24,39466.26,501272140.43
2022-04-25,40437.52,1514243711.31
2022-04-26,38117.39,1492483889.14
2022-04-27,39252.04,1341340920.21
2022-04-28,39749.75,1188927763.73
2022-04-29,38594.22,964020058.19
2022-04-30,37650.13,525291276.33
2022-05-01,38480.53,659030267.75
2022-05-02,38513.01,1152557748.76
2022-05-03,37725.38,1095654277.96
2022-05-04,39680.21,1426469839.29
2022-05-05,36546.86,1920976838.73
2022-05-06,36009.89,1682230363.22
2022-05-07,35469.21,713980596.97
2022-05-08,34033.77,1413921299.77
2022-05-09,30076.9,3472851115.69
2022-05-10,31013.12,3244062170.09
2022-05-11,29017.21,3967102738.94
2022-05-12,28915.72,4501368166.33
2022-05-13,29244.83,1942170683.15
2022-05-14,30050.31,845013800.63
2022-05-15,31296.11,810199953.22
2022-05-16,29838.5,1242326194.24
2022-05-17,30415.91,1000070390.57
2022-05-18,28667.29,1322816665.45
2022-05-19,30282.48,1453211639.97
2022-05-20,29166.15,1692088244.46
2022-05-21,29410.72,462392582.18
2022-05-22,30264.29,639923811.62
2022-05-23,29075.68,1147137210.63
2022-05-24,29630.05,826118559.89
2022-05-25,29508.27,800315804.06
2022-05-26,29188.71,1314694988.34
2022-05-27,28597.33,1054644721.04
2022-05-28,29013.53,365397751.75
2022-05-29,29452.23,374906552.33
2022-05-30,31716.41,1426112899.49
2022-05-31,31782.16,1028808882.28
2022-06-01,29789.58,1343136773.16
2022-06-02,30439.63,932339972.84
2022-06-03,29680.3,734000142.92
2022-06-04,29845.48,310298122.38
2022-06-05,29897.9,311392830.2
2022-06-06,31353.78,1076503583.85
2022-06-07,31111.75,1340573593.65
2022-06-08,30189.27,844411303.8
2022-06-09,30082.94,620735850.86
2022-06-10,29067.38,1133049950.35
2022-06-11,28389.49,696986226.28
2022-06-12,26587.35,1060464718.45
2022-06-13,22471.59,4089411013.33
2022-06-14,22118.37,2063908671.45
2022-06-15,22566.73,2516136880.34
2022-06-16,20372.85,1326876814.5
2022-06-17,20432.26,1312456705.74
2022-06-18,18954.25,1898530847.49
2022-06-19,20553.48,1190970309.62
2022-06-20,20550.91,995940744.76
2022-06-21,20699.21,954292227.72
2022-06-22,19956.16,1027725806.49
2022-06-23,21098.41,836636021.34
2022-06-24,21219.46,850728330.88
2022-06-25,21474.19,459148971.07
2022-06-26,21031.85,445023789.79
2022-06-27,20718.16,643546203.12
2022-06-28,20251.96,680727935.72
2022-06-29,20094.16,751143299.02
2022-06-30,19908.49,1084138608.25
2022-07-01,19249.33,1220917103.86
2022-07-02,19225.66,393018265.78
2022-07-03,19294.21,430213883.45
2022-07-04,20212.81,623812499.17
2022-07-05,20158.69,931653558.35
2022-07-06,20545.04,794040793.32
2022-07-07,21611.8,1059807101.57
2022-07-08,21592.65,1233183200.22
2022-07-09,21582.17,455218724.75
2022-07-10,20846.53,485593616.02
2022-07-11,19944.25,756481179.49
2022-07-12,19309.71,873486517.39
2022-07-13,20230.81,1176644137.94
2022-07-14,20577.38,1021414563.11
2022-07-15,20827.27,747216252.44
2022-07-16,21199.01,586102523.47
2022-07-17,20792.81,544609266.04
2022-07-18,22447.39,1466428849.49
2022-07-19,23399.91,1796378775.92
2022-07-20,23222.77,1752951921.32
2022-07-21,23153.54,1201004931.31
2022-07-22,22686.32,987692728.11
2022-07-23,22452.14,577941932.27
2022-07-24,22585.4,504031294.93
2022-07-25,21305.59,940453686.83
2022-07-26,21258.08,809969148.7
2022-07-27,22960.19,1159394788.9
2022-07-28,23855.65,1303025378.67
2022-07-29,23769.15,1011106548.39
2022-07-30,23646.03,778025187.47
2022-07-31,23308.14,545406548.92
2022-08-01,23271.57,730342406.93
2022-08-02,22991.49,787698099.6
2022-08-03,22825.25,1039306431.63
2022-08-04,22622.99,835033359.1
2022-08-05,23319.22,1166014614.12
2022-08-06,22956.4,400822462.12
2022-08-07,23179.86,388274452.92
2022-08-08,23817.72,976262666.12
2022-08-09,23156.66,894336181.98
2022-08-10,23959.67,1241926276.36
2022-08-11,23943.36,1338354341.04
2022-08-12,24412.17,816924712.5
2022-08-13,24449.86,710217434.56
2022-08-14,24313.71,886604908.12
2022-08-15,24101.69,1331189946.12
2022-08-16,23858.64,874700819.79
2022-08-17,23338.03,1079499588.63
2022-08-18,23201.51,582346641.96
2022-08-19,20833.43,1770449474.07
2022-08-20,21142.06,803223608.15
2022-08-21,21514.79,650828688.99
2022-08-22,21399.66,940511413.54
2022-08-23,21520.62,879396196.46
2022-08-24,21369.05,912147556.2
2022-08-25,21565.47,674553131.93
2022-08-26,20247.99,1564850841.73
2022-08-27,20038.42,774590756.91
2022-08-28,19554.08,597441164.24
2022-08-29,20292.37,1043661877.31
2022-08-30,19813.51,1405744450.56
2022-08-31,20050.28,1165077708.26
2022-09-01,20129.93,896421556.74
2022-09-02,19957.44,836881983.68
2022-09-03,19834.79,339922228.57
2022-09-04,20003.46,387149235.82
2022-09-05,19793.29,518213568.45
2022-09-06,18791.95,1428040857.48
2022-09-07,19287.52,961396794.5
2022-09-08,19321.77,850349370.86
2022-09-09,21369.73,1657848347.88
2022-09-10,21655.13,752905078.21
2022-09-11,21836.45,600008216.45
2022-09-12,22400.52,1264510737.92
2022-09-13,20173.77,1788207293.16
2022-09-14,20233.68,1065222653.27
2022-09-15,19700.15,892897629.94
2022-09-16,19804.02,948028635.91
2022-09-17,20118.35,723991455.67
2022-09-18,19417.72,622064584.36
2022-09-19,19541.28,1289079956.8
2022-09-20,18879.95,1124075891.27
2022-09-21,18468.05,1811417134.73
2022-09-22,19405.96,1827681691.12
2022-09-23,19291.13,1261371285.29
2022-09-24,18924.39,566563739.62
2022-09-25,18809.94,544445399.91
2022-09-26,19230.96,1874981288.59
2022-09-27,19081.4,2089386131.83
2022-09-28,19412.67,1792918120.6
2022-09-29,19593.46,1327829608.79
2022-09-30,19425.63,1428753976.44
2022-10-01,19313.96,286091612.81
2022-10-02,19058.15,485799328.96
2022-10-03,19632.35,1106456268.73
2022-10-04,20344.58,1290593290.94
2022-10-05,20160.74,1195512448.37
2022-10-06,19965.12,1502842418.9
2022-10-07,19532.81,1177831670.26
2022-10-08,19419.32,339438324.44
2022-10-09,19442.41,386265984.43
2022-10-10,19131.36,856332007.87
2022-10-11,19058.29,1173375200.58
2022-10-12,19154.85,744262154.09
2022-10-13,19378.91,1669767296.93
2022-10-14,19182.01,1445859713.35
2022-10-15,19069.72,290658263.23
2022-10-16,19264.26,303391318.02
2022-10-17,19550.49,831592233.83
2022-10-18,19330.29,1167039781.8
2022-10-19,19123.89,943284685.97
2022-10-20,19043.54,1244652119.42
2022-10-21,19166.4,1191982244.05
2022-10-22,19207.57,314703377.71
2022-10-23,19572.6,607568457.44
2022-10-24,19331.06,1228052555.79
2022-10-25,20087.18,2052122456.45
2022-10-26,20776.76,2453067543.31
2022-10-27,20295.28,1813055358.34
2022-10-28,20599.89,1597589795.85
2022-10-29,20820.19,1219658735.57
2022-10-30,20630.65,797587682.85
2022-10-31,20492.56,1260610163.71
2022-11-01,20480.27,997276692.3
2022-11-02,20150.33,1861306372.17
2022-11-03,20207.99,1095711784.35
2022-11-04,21150.6,2037648086.91
2022-11-05,21301.57,706196028.56
2022-11-06,20910.59,586960236.65
2022-11-07,20593.73,1506814091.81
2022-11-08,18544.7,4026079371.74
2022-11-09,15820.02,4215919087.89
2022-11-10,17559.67,2835119228.72
2022-11-11,17007.72,1767514338.22
2022-11-12,16773.9,582536367.95
2022-11-13,16307.47,586182485.99
2022-11-14,16592.04,1384247874.05
2022-11-15,16879.14,1282932319.76
2022-11-16,16648.05,1075046774.52
2022-11-17,16680.21,650179026
2022-11-18,16677.95,753255014.89
2022-11-19,16683.72,282884885.11
2022-11-20,16253.6,470894190.07
2022-11-21,15760.19,1289350720.98
2022-11-22,16198.25,1184556737.9
2022-11-23,16590.98,1087435133.37
2022-11-24,16588.46,624934230.62
2022-11-25,16508.33,572460119.25
2022-11-26,16451.53,346443601.6
2022-11-27,16420.87,300543689.5
2022-11-28,16207.01,867757025.61
2022-11-29,16431.79,833578637.87
2022-11-30,17162.35,1460126671.64
2022-12-01,16978.64,978462617.82
2022-12-02,17094.49,771518084.81
2022-12-03,16888.31,419139334.98
2022-12-04,17111.76,508091945.23
2022-12-05,16966.84,1077884559.22
2022-12-06,17086.52,811906594.36
2022-12-07,16837.85,710367336.21
2022-12-08,17226.02,827814503.9
2022-12-09,17126.85,712368959.63
2022-12-10,17129.19,296657331.89
2022-12-11,17094.83,379827965.39
2022-12-12,17208.66,739369625.44
2022-12-13,17775.32,1407400841.45
2022-12-14,17801.37,1523737945.31
2022-12-15,17359.21,1200283423.38
2022-12-16,16658.44,1508594012.33
2022-12-17,16780.55,684665347.29
2022-12-18,16742.74,421765916.48
2022-12-19,16442.79,1050395879.84
2022-12-20,16901.12,1315229591.09
2022-12-21,16821.13,711271059.5
2022-12-22,16816.01,814340454.91
2022-12-23,16780.97,789038908.8
2022-12-24,16837.16,293139806.69
2022-12-25,16829.1,295850564.63
2022-12-26,16916.07,347724478.09
2022-12-27,16700.54,720956171.23
2022-12-28,16540.47,901583901.63
2022-12-29,16631.24,682471478.61
2022-12-30,16599.47,880260779.52
2022-12-31,16531.31,456998456.42
2023-01-01,16613.87,335220861.58
2023-01-02,16670.08,503360386.62
2023-01-03,16670.16,628582193.83
2023-01-04,16846.82,990689260.54
2023-01-05,16825.87,524511536.58
2023-01-06,16946.16,883642131.54
2023-01-07,16942.73,196915427.54
2023-01-08,17115.81,359149910.85
2023-01-09,17179.03,1271943559.93
2023-01-10,17442.44,997764944.91
2023-01-11,17938,1113334370.52
2023-01-12,18849,2252897545.61
2023-01-13,19932.05,1820146569.6
2023-01-14,20954.52,2223938908.13
2023-01-15,20878.94,924310249.74
2023-01-16,21188.92,1399257790.94
2023-01-17,21136.12,1181967488.8
2023-01-18,20678.47,1733563128.99
2023-01-19,21082.28,1141134569.38
2023-01-20,22676.2,1793127005.71
2023-01-21,22789.92,2212422402.47
2023-01-22,22714.99,1419749432.93
2023-01-23,22917.47,1622068993.43
2023-01-24,22637.8,1788469593.53
2023-01-25,23066.28,2010835832.21
2023-01-26,23009.15,1477492373.79
2023-01-27,23077.75,1499524205.45
2023-01-28,23031.02,465656885.65
2023-01-29,23747.26,1356557545.16
2023-01-30,22833.34,1699735992.01
2023-01-31,23129.7,1144361734.86
2023-02-01,23730.52,1166002955.1
2023-02-02,23470.8,1378661476.28
2023-02-03,23437.21,961229252.16
2023-02-04,23332.1,334962158.54
2023-02-05,22940.79,628865943.88
2023-02-06,22761.44,918256802.27
2023-02-07,23252.78,852489794.18
2023-02-08,22961.13,746102368.06
2023-02-09,21807.55,1626493846.29
2023-02-10,21634.86,1139170302.72
2023-02-11,21862.19,371394433.41
2023-02-12,21790.14,601407332.2
2023-02-13,21787.77,1271661452.37
2023-02-14,22208.56,1121665134.71
2023-02-15,24332.21,1636571319.77
2023-02-16,23533.22,2195432803.47
2023-02-17,24578.28,2024871806.46
2023-02-18,24638.27,550069111.96
2023-02-19,24287.53,1073608902.53
2023-02-20,24838.09,1341924666.63
2023-02-21,24450.5,1699888067.11
2023-02-22,24186.92,1707889533.14
2023-02-23,23941.1,1630064365.85
2023-02-24,23189.78,1610829236.2
2023-02-25,23168.68,569329617.92
2023-02-26,23557.29,632282012.46
2023-02-27,23492.86,1057863335.56
2023-02-28,23137.23,814380395.42
2023-03-01,23642.8,1070132297.9
2023-03-02,23467.23,813452928.16
2023-03-03,22360.92,1328714697.97
2023-03-04,22353.23,264342272.32
2023-03-05,22434.09,468467084.05
2023-03-06,22410.79,607585243.32
2023-03-07,22201.44,865083425.31
2023-03-08,21704.74,907354581.02
2023-03-09,20370.48,1584851678.8
2023-03-10,20206.71,2103890132.26
2023-03-11,20613.6,1416403424.21
2023-03-12,22183.71,1352204877.06
2023-03-13,24207.1,2198916015.73
2023-03-14,24757.56,2783419006.43
2023-03-15,24372.11,1826358018.09
2023-03-16,25049.83,1372954004
2023-03-17,27441.41,2554985216.53
2023-03-18,26973.46,1335463761.57
2023-03-19,28040.29,1337898482.67
2023-03-20,27807.05,1838684361.11
2023-03-21,28188.11,1282225223.57
2023-03-22,27316.18,2277940781.79
2023-03-23,28345.7,1769187941.89
2023-03-24,27493.01,1456957038
2023-03-25,27492.83,618098148.62
2023-03-26,27995.16,734596186.26
2023-03-27,27146.01,1256153698.38
2023-03-28,27266.08,997573892.51
2023-03-29,28355.7,1396887121.69
2023-03-30,28040.71,1666973949.92
2023-03-31,28474.62,1278854661.75
2023-04-01,28468.49,446928904.2
2023-04-02,28187.85,461356032.51
2023-04-03,27809.04,1328993515.18
2023-04-04,28177.23,911124090.2
2023-04-05,28180.06,1072312476.98
2023-04-06,28043.49,730428566.02
2023-04-07,27927.8,407205241.71
2023-04-08,27953.93,259437156.74
2023-04-09,28340.68,459285638.27
2023-04-10,29655.75,1211248945.3
2023-04-11,30226.45,1420381272.66
2023-04-12,29905.56,1094799669.68
2023-04-13,30407.76,967351995.59
2023-04-14,30491.71,1491399385.72
2023-04-15,30321.55,413221716.15
2023-04-16,30322.37,524392638.12
2023-04-17,29446.34,1037503329.39
2023-04-18,30395.53,1095189891.18
2023-04-19,28821.91,1600523152.28
2023-04-20,28248.11,1180562733.76
2023-04-21,27261.17,1207725781.37
2023-04-22,27820.73,479603472.21
2023-04-23,27596.85,504160726.43
2023-04-24,27520.93,940115640.57
2023-04-25,28308.07,876191270.4
2023-04-26,28432.89,2278451179.33
2023-04-27,29483.94,1850604653.99
2023-04-28,29339.99,1030276785.7
2023-04-29,29251.2,332020115.89
2023-04-30,29236.81,685897041.94
2023-05-01,28086.77,1246630368.83
2023-05-02,28694.7,927486609.7
2023-05-03,29041.65,1150554649.51
2023-05-04,28865.72,799149017.42
2023-05-05,29548.51,1039027772.96
2023-05-06,28943.98,713641803.94
2023-05-07,28572.81,480627306.93
2023-05-08,27783.42,1136175854.67
2023-05-09,27680.21,634693185.14
2023-05-10,27628.73,1162217682.96
2023-05-11,26991.62,802346192.21
2023-05-12,26807.09,1123450368.34
2023-05-13,26788.88,335722601.8
2023-05-14,26931.44,319668371.39
2023-05-15,27176.27,764041771.98
2023-05-16,27036.57,649282623.49
2023-05-17,27406.21,788279620.49
2023-05-18,26823.31,749234030.86
2023-05-19,26888.42,442561192
2023-05-20,27118.54,199050865.32
2023-05-21,26755.17,322799242.35
2023-05-22,26855.4,474287648.56
2023-05-23,27224.7,578611517.74
2023-05-24,26326.17,843296169.29
2023-05-25,26480.21,604389199.53
2023-05-26,26719.7,542617989.88
2023-05-27,26872.59,198605797.63
2023-05-28,28077.57,543751511.42
2023-05-29,27746.07,604161699.4
2023-05-30,27703.56,656814149.04
2023-05-31,27220.17,770131646.3
2023-06-01,26825.73,645324727.67
2023-06-02,27251.14,643162971
2023-06-03,27078.3,219785033.16
2023-06-04,27125.24,248793311.51
2023-06-05,25740.46,973121005.98
2023-06-06,27269.02,1007782393.96
2023-06-07,26348.91,816508052.84
2023-06-08,26509.09,401604313
2023-06-09,26483.81,439912147.38
2023-06-10,25856.18,809187356.13
2023-06-11,25937.58,341057974.45
2023-06-12,25905.64,441188405.58
2023-06-13,25928.94,599487905.69
2023-06-14,25125.73,684056303.1
2023-06-15,25574.36,824201465.11
2023-06-16,26330.59,715401866.52
2023-06-17,26510.43,331591669.75
2023-06-18,26338,248624880.04
2023-06-19,26842.09,477713441.96
2023-06-20,28319.35,1265530107.38
2023-06-21,30000.55,1710075101.48
2023-06-22,29892.81,1034077333.64
2023-06-23,30705.39,1263857697.39
2023-06-24,30548.2,399256498.04
2023-06-25,30473.64,410384145.76
2023-06-26,30271.91,656487409.95
2023-06-27,30696.99,683163079.08
2023-06-28,30078.9,577536151.3
2023-06-29,30447.17,654120553.86
2023-06-30,30471.06,1438707503.25
2023-07-01,30590.76,221634243.18
2023-07-02,30617.66,264438993.35
2023-07-03,31160.24,606995802.76
2023-07-04,30774.39,411450957.26
2023-07-05,30503.07,484235780.2
2023-07-06,29907.98,942103548.67
2023-07-07,30349.69,584908167.72
2023-07-08,30294.36,192238272.3
2023-07-09,30171.49,216124236.01
2023-07-10,30421.04,674592681.26
2023-07-11,30626.62,539220942.45
2023-07-12,30385.22,755704294.14
2023-07-13,31475.78,1314075890.88
2023-07-14,30331.09,1021600213.08
2023-07-15,30298.45,149344124.18
2023-07-16,30248.17,224532522.64
2023-07-17,30147.68,558752237.54
2023-07-18,29863.79,560798877.42
2023-07-19,29918.6,446435257.92
2023-07-20,29809.61,577250260.25
2023-07-21,29911.46,395907301.04
2023-07-22,29791.61,182484169.27
2023-07-23,30085.68,244328645.64
2023-07-24,29181.04,744538575.95
2023-07-25,29226.63,354541899.17
2023-07-26,29352.06,486510821.91
2023-07-27,29217.05,373268935.18
2023-07-28,29316.82,342975082.63
2023-07-29,29358.76,146316009.97
2023-07-30,29283.34,224246250.77
2023-07-31,29231.47,426457343.16
2023-08-01,29699.74,822433494.24
2023-08-02,29163.69,838251477.68
2023-08-03,29177.75,450334651.17
2023-08-04,29078.51,375805085.38
2023-08-05,29050.34,120051247.27
2023-08-06,29046.16,126689336.09
2023-08-07,29182.16,475156597.17
2023-08-08,29770.51,786792606.34
2023-08-09,29566.47,532770863.32
2023-08-10,29428.1,375142806.93
2023-08-11,29403.56,310027638.11
2023-08-12,29417.08,102819295.5
2023-08-13,29281.55,115373186.78
2023-08-14,29409.22,362522208.47
2023-08-15,29171.23,299026558.28
2023-08-16,28702.8,479152538.98
2023-08-17,26629.67,1394530695.43
2023-08-18,26049.69,888090076.41
2023-08-19,26095.8,265159375.46
2023-08-20,26191.01,192271431.08
2023-08-21,26126.18,430024076.12
2023-08-22,26043.01,514473682.56
2023-08-23,26429.4,672652092.31
2023-08-24,26166.22,449180401.68
2023-08-25,26051.29,489263026.85
2023-08-26,26010.35,93024725.64
2023-08-27,26091.32,107924452.3
2023-08-28,26106,302943657.3
2023-08-29,27724.41,1089036684.85
2023-08-30,27305.41,520197058
2023-08-31,25937.29,741278108.53
2023-09-01,25798.79,639696809.37
2023-09-02,25868.56,181289556.36
2023-09-03,25971.37,160541183.85
2023-09-04,25816.24,228454428.06
2023-09-05,25785.01,280146729.52
2023-09-06,25751.71,390027105.24
2023-09-07,26264.75,491838528.79
2023-09-08,25907.13,482397556.59
2023-09-09,25898.41,105931726.4
2023-09-10,25833.67,217583144.54
2023-09-11,25157.07,619642052.88
2023-09-12,25840.34,937711286.48
2023-09-13,26227.49,495397769.94
2023-09-14,26533.66,649517751.61
2023-09-15,26605.49,459310066.65
2023-09-16,26569.13,187703875.45
2023-09-17,26533.12,151125765.17
2023-09-18,26767.82,797114111.3
2023-09-19,27219.02,670630172.73
2023-09-20,27126.4,581302466.15
2023-09-21,26567.47,559336631.68
2023-09-22,26583.16,408613785.26
2023-09-23,26585.41,139605320.21
2023-09-24,26261.44,260953441.64
2023-09-25,26297.93,518905094.49
2023-09-26,26212.59,338286231.16
2023-09-27,26360.2,638562791.04
2023-09-28,27027.2,827813877.45
2023-09-29,26909.4,585322764.87
2023-09-30,26964.27,195916128.74
2023-10-01,27994.51,464200302.08
2023-10-02,27507.22,1198411956.48
2023-10-03,27428.66,620603083.21
2023-10-04,27789.8,497243557.18
2023-10-05,27414.59,696054430.54
2023-10-06,27946.61,701648471.47
2023-10-07,27973.69,205394649
2023-10-08,27933.57,238690010.87
2023-10-09,27598.77,603964078.09
2023-10-10,27395.4,511109469.33
2023-10-11,26871.21,821395574.15
2023-10-12,26756.23,438531983.5
2023-10-13,26862.9,496779424.55
2023-10-14,26854.52,157685357.78
2023-10-15,27177.41,297110024.59
2023-10-16,28518.37,1884462991.7
2023-10-17,28409.46,739741149.31
2023-10-18,28328.07,682875511.71
2023-10-19,28733.78,730081363.3
2023-10-20,29684.37,1241026952.55
2023-10-21,29924.08,467626116.49
2023-10-22,30001.44,414432274.92
2023-10-23,33084.08,2308556876.22
2023-10-24,33923.52,2559949343.79
2023-10-25,34503.4,1481128342.82
2023-10-26,34157.06,1248469956.72
2023-10-27,33907.7,1044635721.14
2023-10-28,34090.05,371696781.35
2023-10-29,34535.38,469534963.71
2023-10-30,34494.56,825552244.82
2023-10-31,34657.73,756326173.72
2023-11-01,35439.76,1190955576.06
2023-11-02,34947.15,1097011932.14
2023-11-03,34732.28,960199464.71
2023-11-04,35086.09,377653497.47
2023-11-05,35039.47,533016306.01
2023-11-06,35054.59,613732584.95
2023-11-07,35421.85,1012278827.62
2023-11-08,35638.33,937630450.49
2023-11-09,36704.14,2296501186.4
2023-11-10,37321.51,1206040827.09
2023-11-11,37142.22,553215494.09
2023-11-12,37079.76,345567975.97
2023-11-13,36482.51,897671274.64
2023-11-14,35551.21,1219819360.84
2023-11-15,37884.19,1436101057.95
2023-11-16,36162.42,1428319260.74
2023-11-17,36626.32,1027029255.11
2023-11-18,36591.19,316037508.01
2023-11-19,37388.64,430198062.65
2023-11-20,37476.66,1162294169.25
2023-11-21,35758.72,1579350547.76
2023-11-22,37424.2,1335151412.8
2023-11-23,37299.18,626668140.1
2023-11-24,37737.05,1322597274.57
2023-11-25,37801.92,312424824.64
2023-11-26,37460.21,478214999.45
2023-11-27,37246.29,914744666.52
2023-11-28,37836.63,1265755538.49
2023-11-29,37861.9,1041457987.13
2023-11-30,37729.58,637264648.28
2023-12-01,38699.84,1268612412.23
2023-12-02,39469.35,677167721.21
2023-12-03,39980.93,638707315.07
2023-12-04,41984.41,2012390115.57
2023-12-05,44089.06,2234743414.43
2023-12-06,43771.01,1715623988.73
2023-12-07,43285.02,1320509439.92
2023-12-08,44186.18,1292562850.41
2023-12-09,43723,662982186.27
2023-12-10,43791.67,503801762.3
2023-12-11,41235.58,2446801856.72
2023-12-12,41472.94,1305859570.88
2023-12-13,42887.55,1517574126.2
2023-12-14,43030.6,1460749070.58
2023-12-15,41939.16,1065004798.33
2023-12-16,42243.26,570286280.98
2023-12-17,41349.42,772939037.53
2023-12-18,42650.27,1362661202.35
2023-12-19,42268.08,1318306822.38
2023-12-20,43669.91,1805958609.9
2023-12-21,43875.01,1306652594.38
2023-12-22,44008.04,1084076406.5
2023-12-23,43732.75,479555333.8
2023-12-24,43023.12,621424795.87
2023-12-25,43593.79,639501515.36
2023-12-26,42517.32,1297798884.96
2023-12-27,43469.34,1178861473.09
2023-12-28,42588.94,1249335317.05
2023-12-29,42073.59,1450476730.93
2023-12-30,42146.03,905852574.49
2023-12-31,42280.14,912867128.16
2024-01-01,44197.61,839894208.67
2024-01-02,44970.34,2596745174.99
2024-01-03,42854.08,3533041051.83
2024-01-04,44194.38,2167748750.23
2024-01-05,44178.89,2368276569.22
2024-01-06,43988.33,717065469.35
2024-01-07,43950.84,884154712.5
2024-01-08,46988.14,3000303504.99
2024-01-09,46123,3083632967.78
2024-01-10,46667.48,3677964834.63
2024-01-11,46353.15,3638877778.74
2024-01-12,42776.42,3855256978.62
2024-01-13,42839.19,986309535.03
2024-01-14,41704.39,924871801.97
2024-01-15,42491.26,1046074902.52
2024-01-16,43130.88,1565259395.93
2024-01-17,42739.27,1403011843.2
2024-01-18,41286.68,1885882508.36
2024-01-19,41625.47,1864062474.18
2024-01-20,41677.08,544668570.57
2024-01-21,41570.17,382561229.54
2024-01-22,39523.63,2270442343.15
2024-01-23,39876.44,1805745649.27
2024-01-24,40078.62,1476062916.95
2024-01-25,39941.74,1164224625.52
2024-01-26,41816.55,1763833855.75
2024-01-27,42124.02,444567824.09
2024-01-28,42028.92,702267432.76
2024-01-29,43302.28,1184671101.99
2024-01-30,42943.64,1498626265.1
2024-01-31,42555.08,1695950546.73
2024-02-01,43073.2,1234469121.23
2024-02-02,43181.71,1152442855.72
2024-02-03,42999.52,325725942.96
2024-02-04,42570.21,410404369.06
2024-02-05,42664.56,1062866796.14
2024-02-06,43091.51,966265875.57
2024-02-07,44339.04,1319628672.43
2024-02-08,45304.61,1785332802.43
2024-02-09,47154.23,2379925849.32
2024-02-10,47768.12,780554926.36
2024-02-11,48311.16,956986637.1
2024-02-12,49942.97,2319184140.26
2024-02-13,49733.11,2075339722.8
2024-02-14,51844.19,2252886326.88
2024-02-15,51934.57,2239765884.49
2024-02-16,52163.28,1680749372.19
2024-02-17,51668.78,910308869.83
2024-02-18,52139.33,762533081.81
2024-02-19,51781.22,989270690.85
2024-02-20,52269.59,2050493239.79
2024-02-21,51854.36,1676374071.14
2024-02-22,51263.67,1573393306.75
2024-02-23,50744.07,1345274652.99
2024-02-24,51574.61,548313000.54
2024-02-25,51727.63,640224439.02
2024-02-26,54518.58,2550669499.35
2024-02-27,57071.6,3546751167.69
2024-02-28,62507.1,6171823618.31
2024-02-29,61179.58,5259277822.5
2024-03-01,62431.25,3267402863.37
2024-03-02,62038.39,1257238241.46
2024-03-03,63149.43,1265273119.48
2024-03-04,68338.64,5220774005.79
2024-03-05,63804.11,8263897912.84
2024-03-06,66115.57,4498440968.53
2024-03-07,66928.15,2804368120.13
2024-03-08,68269.39,4046244830.74
2024-03-09,68446.32,1158711168.05
2024-03-10,69023.53,1919585405.6
2024-03-11,72095.86,4476609937.75
2024-03-12,71449.5,4173072731.62
2024-03-13,73118.09,3008299520.61
2024-03-14,71366.96,4325873413.25
2024-03-15,69497.39,5016358153.02
2024-03-16,65260.55,2295869354.32
2024-03-17,68364.45,1962751757.05
2024-03-18,67609.44,2602930945.01
2024-03-19,61924.02,4863914201.82
2024-03-20,67857.3,4466872469.25
2024-03-21,65493.22,2542747734.72
2024-03-22,63816.99,2395884490.04
2024-03-23,64004.42,1250716141.79
2024-03-24,67208.33,1253420264.9
2024-03-25,69892.26,3184570068.52
2024-03-26,69990.22,2319265484.04
2024-03-27,69434.46,2817965870.72
2024-03-28,70789.57,2214217706.88
2024-03-29,69903.72,1216001428.98
2024-03-30,69629.99,515940317.66
2024-03-31,71312.91,745658086.55
2024-04-01,69686.37,2005923775.26
2024-04-02,65466.81,3234216304.99
2024-04-03,65986.11,1835055534.78
2024-04-04,68523.79,2475521298.64
2024-04-05,67860.53,2219856764.99
2024-04-06,68913.79,772361130.33
2024-04-07,69357.32,951477284.85
2024-04-08,71629.36,2607488940.79
2024-04-09,69129.48,2411758700.3
2024-04-10,70628.54,2563902180.98
2024-04-11,70026.43,1758820969.32
2024-04-12,67158.3,3367653179.18
2024-04-13,64021.36,3689543158.77
2024-04-14,65765.64,2627998512.52
2024-04-15,63447.27,2658417494.41
2024-04-16,63824.7,2234500815.41
2024-04-17,61283.74,2562816108.8
2024-04-18,63511.2,1972785716.37
2024-04-19,63848.26,2923364930.21
2024-04-20,64979.21,866105478.99
2024-04-21,64955.82,854324202.42
2024-04-22,66854.24,1510230897.53
2024-04-23,66415.06,1169300050.32
2024-04-24,64263.95,1878460968.73
2024-04-25,64488.49,1713069016.97
2024-04-26,63750.63,1275865834.83
2024-04-27,63434.44,799665556.56
2024-04-28,63111.34,642628554.25
2024-04-29,63847.54,1370557060.16
2024-04-30,60633.97,2518380270.05
2024-05-01,58277.44,3014503800.73
2024-05-02,59083.85,1724718703.27
2024-05-03,62917.45,2147038663.01
2024-05-04,63904.51,1029192793.92
2024-05-05,64037.5,803966989.59
2024-05-06,63168.44,1537928462.74
2024-05-07,62323.36,1326416673.48
2024-05-08,61179.81,1155791451.43
2024-05-09,63077.18,1140626858.17
2024-05-10,60790.82,1565941805.66
2024-05-11,60823.19,505608099.69
2024-05-12,61459.22,502848342.69
2024-05-13,62932.29,1327733464.12
2024-05-14,61548.48,1636519845.72
2024-05-15,66245.16,2625073579.59
2024-05-16,65250.53,1596664354.59
2024-05-17,67051.35,1552274385.82
2024-05-18,66927.56,586174043.35
2024-05-19,66268.25,650338446.5
2024-05-20,71430.23,2624709812.32
2024-05-21,70141.17,2169803609.99
2024-05-22,69123.56,1603267534.2
2024-05-23,67946.35,1922285401.83
2024-05-24,68548.33,1242012319.42
2024-05-25,69288.95,412212332.66
2024-05-26,68488.29,379159635.92
2024-05-27,69386.83,909946343.46
2024-05-28,68330.84,1514489243.92
2024-05-29,67576.81,1108570253.28
2024-05-30,68346.19,1424914242.82
2024-05-31,67482.25,1349659294.8
2024-06-01,67721.6,297719480.73
2024-06-02,67738.74,456585602.02
2024-06-03,68799.6,1575608100.17
2024-06-04,70548.51,2084571763.56
2024-06-05,71117.68,1545204312.75
2024-06-06,70772.35,1141567996.37
2024-06-07,69330.51,1992355199.22
2024-06-08,69303.58,399100009.36
2024-06-09,69639.42,357128157.69
2024-06-10,69505.57,843477987.58
2024-06-11,67319.41,2141818771.53
2024-06-12,68247,2139401386.85
2024-06-13,66742.54,1550737143.4
2024-06-14,66006.13,1633598669.38
2024-06-15,66188.81,406250537.71
2024-06-16,66631.59,433017008.55
2024-06-17,66481.73,1917243316.16
2024-06-18,65158.02,2293594296.72
2024-06-19,64950.82,878187235.08
2024-06-20,64847.89,1473091625.51
2024-06-21,64119.34,1427909531.59
2024-06-22,64250.18,358155105.44
2024-06-23,63181.02,416250575.81
2024-06-24,60270.95,2938115761.51
2024-06-25,61796.56,1946492862.08
2024-06-26,60824.43,1436803387.64
2024-06-27,61630.1,1385461549.94
2024-06-28,60324.3,1481619028.88
2024-06-29,60905.3,560710968.57
2024-06-30,62685.88,778765578.43
2024-07-01,62841.27,1623104957.15
2024-07-02,62044.48,1278702453.96
2024-07-03,60157.2,1653064013.62
2024-07-04,57041.11,2342236881.51
2024-07-05,56646.24,3198812323.21
2024-07-06,58255.65,1072779742.28
2024-07-07,55866.6,1053256457.42
2024-07-08,56709.76,2441024283.07
2024-07-09,58047.2,1692558128.7
2024-07-10,57725.78,1631984559.89
2024-07-11,57348.75,1729366992.27
2024-07-12,57913.68,1567843358.24
2024-07-13,59231.06,819172857.7
2024-07-14,60818.77,1207899406.9
2024-07-15,64765.55,2752990856.54
2024-07-16,65087.61,2492930912.34
2024-07-17,64096.64,1830962929.69
2024-07-18,63981.43,1405605268.54
2024-07-19,66708.49,2214983951.52
2024-07-20,67163.86,840850489.36
2024-07-21,68176.98,1219084237.52
2024-07-22,67567.71,1805561349.3
2024-07-23,65939.83,1958486045.34
2024-07-24,65375.53,1426727978.64
2024-07-25,65794,1902596712.12
2024-07-26,67925.17,1654021251.63
2024-07-27,67904.55,1801405015.15
2024-07-28,68252.75,812380984.29
2024-07-29,66782.78,2292001706.95
2024-07-30,66180.04,1614525200.12
2024-07-31,64617.83,1601329476.94
2024-08-01,65300.21,2364449721.14
2024-08-02,61422.3,2601345982.92
2024-08-03,60679.28,1596127875.28
2024-08-04,58135.89,1665780997.48
2024-08-05,54031.82,6220425122.88
2024-08-06,56057.67,2473716223.17
2024-08-07,55130.45,2232435439.52
2024-08-08,61708.53,2834182014.44
2024-08-09,60868.88,2000603963.46
2024-08-10,60940.82,725371248.47
2024-08-11,58725,1093722861
2024-08-12,59360.89,1967504137.76
2024-08-13,60609.73,1727785105.35
2024-08-14,58698.05,1858459018.71
2024-08-15,57552.92,2023439063.25
2024-08-16,58893.67,1708248208.47
2024-08-17,59497.94,574723583.6
2024-08-18,58439.22,830090221.14
2024-08-19,59464.41,1420739617.67
2024-08-20,59027.55,1877438049.21
2024-08-21,61170.8,2311932103.1
2024-08-22,60387.29,1754742660.96
2024-08-23,64087.8,2623908332.37
2024-08-24,64180.77,979836005.58
2024-08-25,64264.62,819671993.67
2024-08-26,62850.27,1719932426.98
2024-08-27,59441.73,2403744129.11
2024-08-28,59043.5,2251640371.44
2024-08-29,59369.85,2058113286.38
2024-08-30,59129.05,2063630420.49
2024-08-31,58989.17,474924657.65
2024-09-01,57313.44,1298154355.3
2024-09-02,59147.8,1383666270.94
2024-09-03,57481.84,1548986994.4
2024-09-04,57975.52,2458579314.87
2024-09-05,56167.4,2198240196.62
2024-09-06,53954.33,3807917186.59
2024-09-07,54167.82,925092003.79
2024-09-08,54879.33,1042880564.27
2024-09-09,57056.31,2385673385.77
2024-09-10,57642.43,1908344975.36
2024-09-11,57354.27,3160608627.55
2024-09-12,58140.61,2373500502.95
2024-09-13,60548.12,2401277043.91
2024-09-14,60013.26,903199598.39
2024-09-15,59139.21,1146142289.52
2024-09-16,58210.01,1927790314.93
2024-09-17,60321.59,2440680770.1
2024-09-18,61775.68,2902628124.61
2024-09-19,62963.41,2939807292.07
2024-09-20,63211.47,2188110863.96
2024-09-21,63363.17,766364347.61
2024-09-22,63587.45,1190921326.46
2024-09-23,63341.97,1734107185.41
2024-09-24,64276.65,2045185242.06
2024-09-25,63144.83,1526541478.78
2024-09-26,65183.68,2800234985.9
2024-09-27,65790.28,2378877920.32
2024-09-28,65868.67,682765288.62
2024-09-29,65611.98,758322138.61
2024-09-30,63314.81,2712227231.34
2024-10-01,60790.06,4189744833.01
2024-10-02,60641.8,3402156876.74
2024-10-03,60746.35,3058499959.35
2024-10-04,62094.06,2395319327.7
2024-10-05,62059.19,625465514.89
2024-10-06,62821.76,838451338.95
2024-10-07,62209.84,2602786910.05
2024-10-08,62129.17,2090901005.09
2024-10-09,60585.22,2311387233.46
2024-10-10,60280.38,2553922274.06
2024-10-11,62517.42,2236421715.94
2024-10-12,63197.03,987509499.19
2024-10-13,62854.48,1051974824.5
2024-10-14,66068.25,3279898050.67
2024-10-15,67064.69,3442311150.59
2024-10-16,67614.71,2841013476.69
2024-10-17,67408.87,2154293295.5
2024-10-18,68425.63,2516405877.34
2024-10-19,68370.04,526753638.72
2024-10-20,69020.94,824334290.12
2024-10-21,67358.14,2480399716.7
2024-10-22,67390.32,2184452853.61
2024-10-23,66612.97,2154644447.87
2024-10-24,68163.56,2144280257.66
2024-10-25,66577.77,2952724943.71
2024-10-26,67014.72,946447393.67
2024-10-27,67945.14,818581011.16
2024-10-28,69925.83,2902994091.1
2024-10-29,72723.67,4194343293.57
2024-10-30,72331.96,2769522546.26
2024-10-31,70207.54,2794856636.84
2024-11-01,69473.41,3429441961.46
2024-11-02,69354.01,750733288.76
2024-11-03,68747.04,2028670648.54
2024-11-04,67811.95,2939056973.62
2024-11-05,69378.09,3274519976.93
2024-11-06,75643.57,8601347745.99
2024-11-07,75922.41,4433063855.56
2024-11-08,76562.31,3714364388.44
2024-11-09,76716.41,1208160963.89
2024-11-10,80429.43,4582398468.87
2024-11-11,88758.31,8845679630.06
2024-11-12,88040.54,10326697667.45
2024-11-13,90498.51,11250681620.25
2024-11-14,87334.19,7309565757.27
2024-11-15,91058.92,6353615968.72
2024-11-16,90630.94,2501576427.85
2024-11-17,89877.16,2791320512.2
2024-11-18,90514.83,6006522738.03
2024-11-19,92418.48,5995386487.48
2024-11-20,94379.92,6579886464.89
2024-11-21,98436.25,8678686263.5
2024-11-22,99010.89,7337283037.5
2024-11-23,97765.04,2853544178
2024-11-24,98018.2,2940396079.61
2024-11-25,93019.38,6533804395.53
2024-11-26,91903.89,7150066318.55
2024-11-27,95957.51,4533983270.73
2024-11-28,95670.41,2311939499.68
2024-11-29,97510.92,3883366949.57
2024-11-30,96473.51,1215861238.63
2024-12-01,97276.47,1659820134.72
2024-12-02,95859.75,5040855658.82
2024-12-03,95928.37,5033493735.21
2024-12-04,98751.87,5727735676.06
2024-12-05,97053.82,12041439286.7
2024-12-06,99897.97,5653979066.29
2024-12-07,99926.38,1728102575.48
2024-12-08,101189.81,1785051035.31
2024-12-09,97338.34,6847958219.35
2024-12-10,96657.88,6621616095.14
2024-12-11,101203.07,5482015399.12
2024-12-12,100041.98,4765401240.36
2024-12-13,101429.78,3492131954.88
2024-12-14,101402.95,1683710017.37
2024-12-15,104424.54,2557994217.64
2024-12-16,106089.2,6398449052.08
2024-12-17,106140.14,4365460605.55
2024-12-18,100147.26,7727995790.43
2024-12-19,97381.1,8011759334.63
2024-12-20,97769.49,8141536426.69
2024-12-21,97223.39,2907358271.75
2024-12-22,95098.66,2842280143.72
2024-12-23,94771.64,5422281368.55
2024-12-24,98606.93,3967574825.79
2024-12-25,99356.06,2147049998.69
2024-12-26,95680.19,3704007593.19
2024-12-27,94170.09,4479654695.05
2024-12-28,95140.15,1339743546.48
2024-12-29,93564.85,1684134735.83
2024-12-30,92646.21,5287498462.5
2024-12-31,93391.98,3659994868.24
2025-01-01,94392.51,1798161467.81
2025-01-02,96900.96,3693985155.25
2025-01-03,98135.8,2773288955.93
2025-01-04,98213.69,972181437.3
2025-01-05,98346.97,967941540.09
2025-01-06,102282.2,4654078182.67
2025-01-07,96942.47,5348079997.25
2025-01-08,95051.06,5480363249.42
2025-01-09,92548.12,4696698492.32
2025-01-10,94710.29,5217667771.49
2025-01-11,94569.95,905586720.06
2025-01-12,94505.67,1027482279.92
2025-01-13,94517.66,6274787648.38
2025-01-14,96526.87,4263471095.02
2025-01-15,100510.84,4261664752.23
2025-01-16,99979.43,4314930790.39
2025-01-17,104111.13,5613810480
2025-01-18,104431.52,2633222970.99
2025-01-19,101212.56,4325905602.1
2025-01-20,102148.74,7208305685.37
2025-01-21,106155.61,8798621119.3
2025-01-22,103669.08,4603973397.2
2025-01-23,103933.88,9801561614.73
2025-01-24,104854.78,4233037157.97
2025-01-25,104733.15,1239370331.55
2025-01-26,102576.93,1469434497.98
2025-01-27,102065.72,9486896779.23
2025-01-28,101284.47,4510250877.49
2025-01-29,103742.97,4842279589.43
2025-01-30,104739.58,3857857706.34
2025-01-31,102412.41,4378171064.39
2025-02-01,100619.87,1595801666.26
2025-02-02,97665.06,5562003741.78
2025-02-03,101451.28,11504010038.06
2025-02-04,97794.88,6271562966.61
2025-02-05,96633.71,4171560523.14
2025-02-06,96564.27,4349625340.99
2025-02-07,96532.73,5075285222.44
2025-02-08,96475.59,1207354073.88
2025-02-09,96485.6,1791686347.07
2025-02-10,97458.59,2731410651.57
2025-02-11,95781.05,2800036234.45
2025-02-12,97874.61,3853980407.7
2025-02-13,96632.78,2236344585.75
2025-02-14,97508.71,1966704817.61
2025-02-15,97596.21,569120592.04
2025-02-16,96132.69,643146269.46
2025-02-17,95790.31,1398128550.67
2025-02-18,95630.67,2502902525.93
2025-02-19,96640.99,1637124692.48
2025-02-20,98345.66,2057024374.7
2025-02-21,96150.27,3928905117.72
2025-02-22,96580.46,1126120706.18
2025-02-23,96274.12,718043733.58
2025-02-24,91536.97,2945422583.03
2025-02-25,88609.26,6473414678.86
2025-02-26,84128.38,5069737664.07
2025-02-27,84657.34,3929681159.63
2025-02-28,84322.57,6502539275.13
2025-03-01,86050.58,1577375765.18
2025-03-02,94275.76,4350642164.47
2025-03-03,86158.95,5844734403
2025-03-04,87255.42,5671376306.72
2025-03-05,90610.8,3457722668.91
2025-03-06,89931.91,3512025157.48
2025-03-07,86766.61,6196139350.73
2025-03-08,86225,910862167.44
2025-03-09,80719.05,1952362587.51
2025-03-10,78561.62,4414695361.63
2025-03-11,82919.47,3744822903.84
2025-03-12,83665.14,2750448405.11
2025-03-13,81081.43,2112762232.49
2025-03-14,83995.47,2317052000.16
2025-03-15,84355.92,512466916.19
2025-03-16,82572.37,1094031604.62
2025-03-17,84025.12,1667911609.42
2025-03-18,82716.74,1721702159.89
2025-03-19,86878.5,2600942940.47
2025-03-20,84178.31,2135028136.81
2025-03-21,84060.48,1326866772.29
2025-03-22,83837.39,402548876.3
2025-03-23,86091.67,632787991.66
2025-03-24,87520.48,2301262365.85
2025-03-25,87439.7,2023574450.81
2025-03-26,86923.95,1711822847.59
2025-03-27,87218.89,1476492894.46
2025-03-28,84387.01,2152567384.16
2025-03-29,82625.65,938834818.34
2025-03-30,82379.51,839590269.08
2025-03-31,82539.52,1894666416.64
2025-04-01,85174.96,1962356062.59
2025-04-02,82490.58,3519914220.4
2025-04-03,83158.8,2335462308.44
2025-04-04,83860.21,3085885741.07
2025-04-05,83503.37,622496989.4
2025-04-06,78365.57,2374631982.2
2025-04-07,79143.06,5546499783.12
2025-04-08,76255.1,3084760820.88
2025-04-09,82587.03,4963132858.37
2025-04-10,79554.96,2526317821.03
2025-04-11,83386,2412186958.4
2025-04-12,85272.12,1196895442.75
2025-04-13,83730.92,1375187409.37
2025-04-14,84443.43,505523551.48
